{
"lengthUnit": "mil",
"components": {
	"fields": ["COMPONENT_NO", "COMPONENT_NAME", "LAYER", "X_COORDINATE", "Y_COORDINATE", "ANGLE"],
	"rows": [
		[1, "1", "T", 885, -175, 90],
		[2, "2", "T", 730, -175, 90],
		[3, "4", "T", 575, -175, 90],
		[4, "8", "T", 420, -175, 90],
		[5, "16", "T", 265, -175, 90],
		[6, "32", "T", 110, -175, 90],
		[7, "H1", "B", 165, -500, 0],
		[8, "H2", "T", 495, -880, 0],
		[9, "R1", "B", 110, -175, 90],
		[10, "R2", "B", 265, -175, 90],
		[11, "R3", "B", 420, -175, 90],
		[12, "R4", "B", 575, -175, 90],
		[13, "R5", "B", 730, -175, 90],
		[14, "R6", "B", 885, -175, 90],
		[15, "R7", "B", 865, -525, 0],
		[16, "R8", "B", 865, -410, 0],
		[17, "SW1", "T", 825, -720, 90],
		[18, "SW2", "T", 170, -720, 90],
		[19, "U1", "B", 535, -655, 0],
		[20, "U2", "T", 780, -415, 270],
		[21, "X1", "B", 600, -415, 0]
	]
},
"pins": {
	"fields": ["PIN_NO", "PIN_NAME", "PIN_X", "PIN_Y", "LAYER", "PIN_TYPE", "NET_NAME", "NET_TYPE", "PAD_SHAPE", "PAD_SIZEX", "PAD_SIZEY", "HOLE_SIZE", "PAD_ANGLE"],
	"rows": [
		[1, "1_1", 884.8, -220.28, "T", "SMD", "$1N2434", "", "R", 39.37, 49.21, 0, 270],
		[2, "1_2", 884.8, -133.66, "T", "SMD", "$1N2245", "", "R", 39.37, 49.21, 0, 270],
		[3, "2_1", 729.8, -220.28, "T", "SMD", "$1N2426", "", "R", 39.37, 49.21, 0, 270],
		[4, "2_2", 729.8, -133.66, "T", "SMD", "$1N2249", "", "R", 39.37, 49.21, 0, 270],
		[5, "4_1", 574.8, -220.28, "T", "SMD", "$1N2418", "", "R", 39.37, 49.21, 0, 270],
		[6, "4_2", 574.8, -133.66, "T", "SMD", "$1N2257", "", "R", 39.37, 49.21, 0, 270],
		[7, "8_1", 419.8, -220.28, "T", "SMD", "$1N2402", "", "R", 39.37, 49.21, 0, 270],
		[8, "8_2", 419.8, -133.66, "T", "SMD", "$1N2262", "", "R", 39.37, 49.21, 0, 270],
		[9, "16_1", 264.8, -220.28, "T", "SMD", "$1N2376", "", "R", 39.37, 49.21, 0, 270],
		[10, "16_2", 264.8, -133.66, "T", "SMD", "$1N2267", "", "R", 39.37, 49.21, 0, 270],
		[11, "32_1", 109.8, -220.28, "T", "SMD", "$1N2367", "", "R", 39.37, 49.21, 0, 270],
		[12, "32_2", 109.8, -133.66, "T", "SMD", "$1N2272", "", "R", 39.37, 49.21, 0, 270],
		[13, "H1_1", 115, -500, "T", "DIP", "VCC", "", "R", 66.93, 66.93, 39.37, 0],
		[14, "H1_1", 115, -500, "B", "DIP", "VCC", "", "R", 66.93, 66.93, 39.37, 0],
		[15, "H1_2", 215, -500, "T", "DIP", "GND", "GND", "C", 66.93, 66.93, 39.37, 0],
		[16, "H1_2", 215, -500, "B", "DIP", "GND", "GND", "C", 66.93, 66.93, 39.37, 0],
		[17, "H2_1", 395, -880, "T", "DIP", "GND", "GND", "R", 66.93, 66.93, 43.31, 0],
		[18, "H2_1", 395, -880, "B", "DIP", "GND", "GND", "R", 66.93, 66.93, 43.31, 0],
		[19, "H2_2", 495, -880, "T", "DIP", "$1N4357", "", "C", 66.93, 66.93, 43.31, 0],
		[20, "H2_2", 495, -880, "B", "DIP", "$1N4357", "", "C", 66.93, 66.93, 43.31, 0],
		[21, "H2_3", 595, -880, "T", "DIP", "$1N4353", "", "C", 66.93, 66.93, 43.31, 0],
		[22, "H2_3", 595, -880, "B", "DIP", "$1N4353", "", "C", 66.93, 66.93, 43.31, 0],
		[23, "R1_1", 110, -214.37, "B", "SMD", "$1N2272", "", "R", 44.59, 54.21, 0, 90],
		[24, "R1_2", 110, -135.63, "B", "SMD", "VCC", "", "R", 44.59, 54.21, 0, 90],
		[25, "R2_1", 265, -214.37, "B", "SMD", "$1N2267", "", "R", 44.59, 54.21, 0, 90],
		[26, "R2_2", 265, -135.63, "B", "SMD", "VCC", "", "R", 44.59, 54.21, 0, 90],
		[27, "R3_1", 420, -214.37, "B", "SMD", "$1N2262", "", "R", 44.59, 54.21, 0, 90],
		[28, "R3_2", 420, -135.63, "B", "SMD", "VCC", "", "R", 44.59, 54.21, 0, 90],
		[29, "R4_1", 575, -214.37, "B", "SMD", "$1N2257", "", "R", 44.59, 54.21, 0, 90],
		[30, "R4_2", 575, -135.63, "B", "SMD", "VCC", "", "R", 44.59, 54.21, 0, 90],
		[31, "R5_1", 730, -214.37, "B", "SMD", "$1N2249", "", "R", 44.59, 54.21, 0, 90],
		[32, "R5_2", 730, -135.63, "B", "SMD", "VCC", "", "R", 44.59, 54.21, 0, 90],
		[33, "R6_1", 885, -214.37, "B", "SMD", "$1N2245", "", "R", 44.59, 54.21, 0, 90],
		[34, "R6_2", 885, -135.63, "B", "SMD", "VCC", "", "R", 44.59, 54.21, 0, 90],
		[35, "R7_1", 825.63, -525, "B", "SMD", "$1N2940", "", "R", 44.59, 54.21, 0, 0],
		[36, "R7_2", 904.37, -525, "B", "SMD", "VCC", "", "R", 44.59, 54.21, 0, 0],
		[37, "R8_1", 825.63, -410, "B", "SMD", "$1N2947", "", "R", 44.59, 54.21, 0, 0],
		[38, "R8_2", 904.37, -410, "B", "SMD", "VCC", "", "R", 44.59, 54.21, 0, 0],
		[39, "SW1_1", 752.2, -842, "T", "SMD", "$1N2104", "", "R", 70.9, 47.2, 0, 90],
		[40, "SW1_2", 752.2, -597.9, "T", "SMD", "$1N2104", "", "R", 70.9, 47.2, 0, 90],
		[41, "SW1_3", 897.8, -842, "T", "SMD", "GND", "GND", "R", 70.9, 47.2, 0, 90],
		[42, "SW1_4", 897.8, -597.9, "T", "SMD", "GND", "GND", "R", 70.9, 47.2, 0, 90],
		[43, "SW2_1", 97.2, -842, "T", "SMD", "$1N2127", "", "R", 70.9, 47.2, 0, 90],
		[44, "SW2_2", 97.2, -597.9, "T", "SMD", "$1N2127", "", "R", 70.9, 47.2, 0, 90],
		[45, "SW2_3", 242.8, -842, "T", "SMD", "GND", "GND", "R", 70.9, 47.2, 0, 90],
		[46, "SW2_4", 242.8, -597.9, "T", "SMD", "GND", "GND", "R", 70.9, 47.2, 0, 90],
		[47, "U1_1", 360, -541.91, "B", "SMD", "$1N2402", "", "O", 22.05, 68.7, 0, 0],
		[48, "U1_2", 410, -541.91, "B", "SMD", "$1N2418", "", "O", 22.05, 68.7, 0, 0],
		[49, "U1_3", 460, -541.91, "B", "SMD", "$1N2426", "", "O", 22.05, 68.7, 0, 0],
		[50, "U1_4", 510, -541.91, "B", "SMD", "$1N2434", "", "O", 22.05, 68.7, 0, 0],
		[51, "U1_5", 560, -541.91, "B", "SMD", "$1N2947", "", "O", 22.05, 68.7, 0, 0],
		[52, "U1_6", 610, -541.91, "B", "SMD", "VCC", "", "O", 22.05, 68.7, 0, 0],
		[53, "U1_7", 660, -541.91, "B", "SMD", "$1N2940", "", "O", 22.05, 68.7, 0, 0],
		[54, "U1_8", 710, -541.91, "B", "SMD", "GND", "GND", "O", 22.05, 68.7, 0, 0],
		[55, "U1_9", 710, -768.09, "B", "SMD", "$1N4357", "", "O", 22.05, 68.7, 0, 0],
		[56, "U1_10", 660, -768.09, "B", "SMD", "$1N4353", "", "O", 22.05, 68.7, 0, 0],
		[57, "U1_11", 610, -768.09, "B", "SMD", "$1N2104", "", "O", 22.05, 68.7, 0, 0],
		[58, "U1_12", 560, -768.09, "B", "SMD", "$1N2127", "", "O", 22.05, 68.7, 0, 0],
		[59, "U1_13", 510, -768.09, "B", "SMD", "$1N3004", "", "O", 22.05, 68.7, 0, 0],
		[60, "U1_14", 460, -768.09, "B", "SMD", "U1_14", "", "O", 22.05, 68.7, 0, 0],
		[61, "U1_15", 410, -768.09, "B", "SMD", "$1N2367", "", "O", 22.05, 68.7, 0, 0],
		[62, "U1_16", 360, -768.09, "B", "SMD", "$1N2376", "", "O", 22.05, 68.7, 0, 0],
		[63, "U2_1", 670.85, -340, "T", "SMD", "U2_1", "", "O", 23.15, 80.51, 0, 270],
		[64, "U2_2", 670.85, -390, "T", "SMD", "$1N3775", "", "O", 23.15, 80.51, 0, 270],
		[65, "U2_3", 670.85, -440, "T", "SMD", "$1N3781", "", "O", 23.15, 80.51, 0, 270],
		[66, "U2_4", 670.85, -490, "T", "SMD", "GND", "GND", "O", 23.15, 80.51, 0, 270],
		[67, "U2_5", 889.15, -490, "T", "SMD", "$1N3004", "", "O", 23.15, 80.51, 0, 270],
		[68, "U2_6", 889.15, -440, "T", "SMD", "$1N2947", "", "O", 23.15, 80.51, 0, 270],
		[69, "U2_7", 889.15, -390, "T", "SMD", "$1N2940", "", "O", 23.15, 80.51, 0, 270],
		[70, "U2_8", 889.15, -340, "T", "SMD", "VCC", "", "O", 23.15, 80.51, 0, 270],
		[71, "X1_1", 600, -434.7, "T", "DIP", "$1N3781", "", "C", 31.5, 31.5, 19.7, 90],
		[72, "X1_1", 600, -434.7, "B", "DIP", "$1N3781", "", "C", 31.5, 31.5, 19.7, 90],
		[73, "X1_2", 600, -395.3, "T", "DIP", "$1N3775", "", "C", 31.5, 31.5, 19.7, 90],
		[74, "X1_2", 600, -395.3, "B", "DIP", "$1N3775", "", "C", 31.5, 31.5, 19.7, 90]
	]
}
}